{
  "H": 1.3186284895167975,
  "r2": 0.95250264623369,
  "ci": [
    1.2297141730762764,
    1.2394226830943826
  ],
  "n_boundary": 1477,
  "res": 256
}