{
  "H": 1.3186284895167975,
  "r2": 0.95250264623369,
  "ci": [
    1.2295063978598781,
    1.239949866716621
  ],
  "n_boundary": 1477,
  "res": 256
}