{
  "H": 1.1379212150474691,
  "r2": 0.9263877031650025,
  "ci": [
    1.0445130202732638,
    1.0655212764211144
  ],
  "n_boundary": 1024
}