{
  "avg_kappa": 0.04456521739130433,
  "neg_edge_fraction": 0.021739130434782608
}