{
  "H_estimate": 0.9814149365923559,
  "r2": 0.9802856574103583
}