{
  "null_reports": {
    "null1": 0.9968639834571212,
    "null2": 0.8197731157413553,
    "null3": 1.0928099581204518
  }
}