{
  "null_reports": {
    "null1": 1.0020478986603374,
    "null2": 0.8101790751102496,
    "null3": 1.111988021579281
  }
}