{
  "null_reports": {
    "null1": 1.0116324388586346,
    "null2": 0.8302685533933893,
    "null3": 1.1362200738438453
  }
}