{
  "null_reports": {
    "null1": 0.9992094909727831,
    "null2": 0.8206402549909354,
    "null3": 1.13291295632549
  }
}