{
  "null_reports": {
    "null1": 1.0171388272566912,
    "null2": 0.8213068534139645,
    "null3": 1.1401487539704835
  }
}