{
  "alpha_grid": [
    0.1,
    0.1090909090909091,
    0.1181818181818182,
    0.1272727272727273,
    0.13636363636363635,
    0.14545454545454545,
    0.15454545454545454,
    0.16363636363636364,
    0.17272727272727273,
    0.18181818181818182,
    0.19090909090909092,
    0.2,
    0.2090909090909091,
    0.2181818181818182,
    0.22727272727272727,
    0.23636363636363636,
    0.24545454545454545,
    0.2545454545454545,
    0.26363636363636367,
    0.2727272727272727,
    0.28181818181818186,
    0.2909090909090909,
    0.3,
    0.3090909090909091,
    0.3181818181818182,
    0.32727272727272727,
    0.33636363636363636,
    0.34545454545454546,
    0.3545454545454545,
    0.36363636363636365,
    0.3727272727272727,
    0.38181818181818183,
    0.3909090909090909,
    0.4,
    0.40909090909090906,
    0.4181818181818182,
    0.42727272727272725,
    0.4363636363636364,
    0.44545454545454544,
    0.4545454545454546,
    0.4636363636363636,
    0.47272727272727266,
    0.4818181818181818,
    0.49090909090909085,
    0.5,
    0.509090909090909,
    0.5181818181818182,
    0.5272727272727272,
    0.5363636363636364,
    0.5454545454545454,
    0.5545454545454546,
    0.5636363636363636,
    0.5727272727272728,
    0.5818181818181818,
    0.5909090909090909,
    0.6,
    0.609090909090909,
    0.6181818181818182,
    0.6272727272727272,
    0.6363636363636364,
    0.6454545454545454,
    0.6545454545454545,
    0.6636363636363636,
    0.6727272727272727,
    0.6818181818181818,
    0.6909090909090908,
    0.7,
    0.709090909090909,
    0.7181818181818181,
    0.7272727272727272,
    0.7363636363636363,
    0.7454545454545454,
    0.7545454545454545,
    0.7636363636363636,
    0.7727272727272727,
    0.7818181818181817,
    0.7909090909090909,
    0.7999999999999999,
    0.8090909090909091,
    0.8181818181818181,
    0.8272727272727273,
    0.8363636363636363,
    0.8454545454545453,
    0.8545454545454545,
    0.8636363636363635,
    0.8727272727272727,
    0.8818181818181817,
    0.8909090909090909,
    0.8999999999999999,
    0.9090909090909091,
    0.9181818181818181,
    0.9272727272727272,
    0.9363636363636363,
    0.9454545454545454,
    0.9545454545454545,
    0.9636363636363636,
    0.9727272727272727,
    0.9818181818181817,
    0.9909090909090909,
    1.0
  ],
  "max_real": [
    -0.039999999999999994,
    -0.04000000000000001,
    -0.04000000000000001,
    -0.039999999999999994,
    -0.04000000000000001,
    -0.039999999999999994,
    -0.039999999999999994,
    -0.039999999999999994,
    -0.039999999999999994,
    -0.039999999999999994,
    -0.040000000000000015,
    -0.04000000000000001,
    -0.039999999999999994,
    -0.039999999999999994,
    -0.039999999999999994,
    -0.04,
    -0.040000000000000015,
    -0.039999999999999994,
    -0.04,
    -0.04,
    -0.04,
    -0.04,
    -0.039999999999999994,
    -0.04,
    -0.04000000000000001,
    -0.04000000000000001,
    -0.04,
    -0.04,
    -0.04,
    -0.039999999999999994,
    -0.04,
    -0.04000000000000001,
    -0.04000000000000001,
    -0.039999999999999994,
    -0.039999999999999994,
    -0.039999999999999994,
    -0.04,
    -0.04000000000000001,
    -0.04000000000000001,
    -0.039999999999999994,
    -0.04,
    -0.04000000000000001,
    -0.04000000000000001,
    -0.04000000000000001,
    -0.04000000000000001,
    -0.039999999999999994,
    -0.04000000000000001,
    -0.039999999999999994,
    -0.039999999999999994,
    -0.04000000000000001,
    -0.04,
    -0.03999999999999999,
    -0.04,
    -0.03999999999999998,
    -0.04000000000000001,
    -0.039999999999999994,
    -0.039999999999999994,
    -0.04000000000000001,
    -0.039999999999999994,
    -0.03999999999999998,
    -0.04000000000000001,
    -0.04000000000000001,
    -0.04,
    -0.040000000000000015,
    -0.04,
    -0.04,
    -0.04,
    -0.04,
    -0.039999999999999994,
    -0.039999999999999994,
    -0.04000000000000001,
    -0.039999999999999994,
    -0.04000000000000001,
    -0.039999999999999994,
    -0.03999999999999999,
    -0.04,
    -0.04,
    -0.04,
    -0.04,
    -0.04000000000000001,
    -0.039999999999999994,
    0.0323627226986619,
    0.08706476516113514,
    0.1244826600421619,
    0.15484259381263676,
    0.18107176950648202,
    0.20450320689475238,
    0.22587762051535865,
    0.24565713714171367,
    0.26415307151020323,
    0.28158697395600707,
    0.2981231620686056,
    0.31388750138478116,
    0.3289789350971875,
    0.343476916455926,
    0.35744639432712966,
    0.3709412698582697,
    0.3840068610079535,
    0.39668170226253924,
    0.4089988864128729
  ],
  "equilibria_found": [
    true,
    true,
    true,
    true,
    true,
    true,
    true,
    true,
    true,
    true,
    true,
    true,
    true,
    true,
    true,
    true,
    true,
    true,
    true,
    true,
    true,
    true,
    true,
    true,
    true,
    true,
    true,
    true,
    true,
    true,
    true,
    true,
    true,
    true,
    true,
    true,
    true,
    true,
    true,
    true,
    true,
    true,
    true,
    true,
    true,
    true,
    true,
    true,
    true,
    true,
    true,
    true,
    true,
    true,
    true,
    true,
    true,
    true,
    true,
    true,
    true,
    true,
    true,
    true,
    true,
    true,
    true,
    true,
    true,
    true,
    true,
    true,
    true,
    true,
    true,
    true,
    true,
    true,
    true,
    true,
    true,
    true,
    true,
    true,
    true,
    true,
    true,
    true,
    true,
    true,
    true,
    true,
    true,
    true,
    true,
    true,
    true,
    true,
    true,
    true
  ]
}