{
  "alpha_grid": [
    0.25,
    0.255,
    0.26,
    0.265,
    0.27,
    0.275,
    0.28,
    0.28500000000000003,
    0.29000000000000004,
    0.29500000000000004,
    0.3,
    0.305,
    0.31,
    0.315,
    0.32,
    0.325,
    0.33,
    0.335,
    0.34,
    0.34500000000000003,
    0.35000000000000003,
    0.35500000000000004,
    0.36,
    0.365,
    0.37,
    0.375,
    0.38,
    0.385,
    0.39,
    0.395,
    0.4,
    0.405,
    0.41000000000000003,
    0.41500000000000004,
    0.42000000000000004,
    0.42500000000000004,
    0.43000000000000005,
    0.43500000000000005,
    0.44000000000000006,
    0.44500000000000006,
    0.45000000000000007,
    0.45500000000000007,
    0.4600000000000001,
    0.4650000000000001,
    0.47000000000000003,
    0.47500000000000003,
    0.48000000000000004,
    0.48500000000000004,
    0.49000000000000005,
    0.49500000000000005,
    0.5,
    0.5050000000000001,
    0.51,
    0.5150000000000001,
    0.52,
    0.5250000000000001,
    0.53,
    0.535,
    0.54,
    0.545,
    0.55
  ],
  "max_real": [
    -0.04000000000000001,
    -0.039999999999999994,
    -0.03999999999999998,
    -0.040000000000000015,
    -0.040000000000000015,
    -0.04000000000000001,
    -0.04,
    -0.04,
    -0.04000000000000001,
    -0.03999999999999998,
    -0.039999999999999994,
    -0.04,
    -0.04000000000000001,
    -0.040000000000000015,
    -0.039999999999999994,
    -0.04,
    -0.04,
    -0.04000000000000001,
    -0.04,
    -0.039999999999999994,
    -0.039999999999999994,
    -0.04000000000000001,
    -0.039999999999999994,
    -0.03999999999999999,
    -0.04,
    -0.04000000000000001,
    -0.039999999999999994,
    -0.04000000000000001,
    -0.04000000000000001,
    -0.04000000000000001,
    -0.039999999999999994,
    -0.039999999999999994,
    -0.039999999999999994,
    -0.04,
    -0.039999999999999994,
    -0.04000000000000001,
    -0.039999999999999994,
    -0.04000000000000001,
    -0.039999999999999994,
    -0.04,
    -0.039999999999999994,
    -0.039999999999999994,
    -0.039999999999999994,
    -0.04,
    -0.039999999999999994,
    -0.039999999999999994,
    -0.04,
    -0.039999999999999994,
    -0.04000000000000001,
    -0.039999999999999994,
    -0.04000000000000001,
    -0.04,
    -0.04,
    -0.04000000000000001,
    -0.04,
    -0.039999999999999994,
    -0.04000000000000001,
    -0.039999999999999994,
    -0.039999999999999994,
    -0.040000000000000015,
    -0.039999999999999994
  ],
  "equilibria_found": [
    true,
    true,
    true,
    true,
    true,
    true,
    true,
    true,
    true,
    true,
    true,
    true,
    true,
    true,
    true,
    true,
    true,
    true,
    true,
    true,
    true,
    true,
    true,
    true,
    true,
    true,
    true,
    true,
    true,
    true,
    true,
    true,
    true,
    true,
    true,
    true,
    true,
    true,
    true,
    true,
    true,
    true,
    true,
    true,
    true,
    true,
    true,
    true,
    true,
    true,
    true,
    true,
    true,
    true,
    true,
    true,
    true,
    true,
    true,
    true,
    true
  ]
}