{
  "alpha_grid": [
    0.1,
    0.11,
    0.12000000000000001,
    0.13,
    0.14,
    0.15000000000000002,
    0.16,
    0.17,
    0.18,
    0.19,
    0.2,
    0.21000000000000002,
    0.22,
    0.23,
    0.24000000000000002,
    0.25,
    0.26,
    0.27,
    0.28,
    0.29000000000000004,
    0.30000000000000004,
    0.31,
    0.32,
    0.33,
    0.33999999999999997,
    0.35,
    0.36,
    0.37,
    0.38,
    0.39,
    0.4,
    0.41000000000000003,
    0.42000000000000004,
    0.43000000000000005,
    0.44000000000000006,
    0.45000000000000007,
    0.45999999999999996,
    0.47,
    0.48,
    0.49,
    0.5,
    0.51,
    0.52,
    0.53,
    0.54,
    0.55,
    0.56,
    0.5700000000000001,
    0.58,
    0.59,
    0.6,
    0.61,
    0.62,
    0.63,
    0.64,
    0.65,
    0.66,
    0.67,
    0.6799999999999999,
    0.69,
    0.7,
    0.71,
    0.72,
    0.73,
    0.74,
    0.75,
    0.76,
    0.77,
    0.78,
    0.79,
    0.8,
    0.8099999999999999,
    0.82,
    0.83,
    0.84,
    0.85,
    0.86,
    0.87,
    0.88,
    0.89,
    0.9,
    0.91,
    0.92,
    0.93,
    0.94,
    0.95,
    0.96,
    0.97,
    0.98,
    0.99,
    1.0
  ],
  "max_real": [
    -0.039999999999999994,
    -0.04000000000000001,
    -0.039999999999999994,
    -0.039999999999999994,
    -0.04000000000000001,
    -0.039999999999999994,
    -0.04000000000000002,
    -0.039999999999999994,
    -0.039999999999999994,
    -0.04000000000000002,
    -0.04000000000000001,
    -0.03999999999999999,
    -0.04000000000000001,
    -0.039999999999999994,
    -0.04,
    -0.04000000000000001,
    -0.03999999999999998,
    -0.040000000000000015,
    -0.04,
    -0.04000000000000001,
    -0.04,
    -0.04000000000000001,
    -0.039999999999999994,
    -0.04,
    -0.04,
    -0.03999999999999999,
    -0.039999999999999994,
    -0.04,
    -0.039999999999999994,
    -0.04000000000000001,
    -0.039999999999999994,
    -0.039999999999999994,
    -0.039999999999999994,
    -0.039999999999999994,
    -0.039999999999999994,
    -0.039999999999999994,
    -0.039999999999999994,
    -0.039999999999999994,
    -0.039999999999999994,
    -0.04000000000000001,
    -0.04000000000000001,
    -0.04,
    -0.04,
    -0.04000000000000001,
    -0.039999999999999994,
    -0.039999999999999994,
    -0.04000000000000001,
    -0.04,
    -0.04,
    -0.04000000000000001,
    -0.039999999999999994,
    -0.04000000000000002,
    -0.039999999999999994,
    -0.039999999999999994,
    -0.04000000000000002,
    -0.03999999999999998,
    -0.039999999999999994,
    -0.04000000000000001,
    -0.04000000000000001,
    -0.04000000000000001,
    -0.04,
    -0.039999999999999994,
    -0.039999999999999994,
    -0.04,
    -0.039999999999999994,
    -0.039999999999999994,
    -0.039999999999999994,
    -0.04,
    -0.04000000000000001,
    -0.04,
    -0.04,
    -0.04000000000000001,
    -0.04,
    -0.04000000000000001,
    0.057979589711327176,
    0.10696938456699075,
    0.14330302779823367,
    0.1735415650406263,
    0.20000000000000007,
    0.2238181191654584,
    0.2456571371417141,
    0.2659411708155672,
    0.28496153618543846,
    0.302928563989645,
    0.31999999999999984,
    0.33629775444453547,
    0.3519183588453083,
    0.366939798987516,
    0.3814261501141094,
    0.3954308211415447,
    0.4089988864128729
  ],
  "equilibria_found": [
    true,
    true,
    true,
    true,
    true,
    true,
    true,
    true,
    true,
    true,
    true,
    true,
    true,
    true,
    true,
    true,
    true,
    true,
    true,
    true,
    true,
    true,
    true,
    true,
    true,
    true,
    true,
    true,
    true,
    true,
    true,
    true,
    true,
    true,
    true,
    true,
    true,
    true,
    true,
    true,
    true,
    true,
    true,
    true,
    true,
    true,
    true,
    true,
    true,
    true,
    true,
    true,
    true,
    true,
    true,
    true,
    true,
    true,
    true,
    true,
    true,
    true,
    true,
    true,
    true,
    true,
    true,
    true,
    true,
    true,
    true,
    true,
    true,
    true,
    true,
    true,
    true,
    true,
    true,
    true,
    true,
    true,
    true,
    true,
    true,
    true,
    true,
    true,
    true,
    true,
    true
  ]
}