{
  "alpha_grid": [
    0.8,
    0.8010169491525424,
    0.8020338983050848,
    0.8030508474576271,
    0.8040677966101696,
    0.8050847457627119,
    0.8061016949152543,
    0.8071186440677967,
    0.808135593220339,
    0.8091525423728814,
    0.8101694915254237,
    0.8111864406779661,
    0.8122033898305085,
    0.8132203389830509,
    0.8142372881355933,
    0.8152542372881356,
    0.816271186440678,
    0.8172881355932203,
    0.8183050847457627,
    0.8193220338983052,
    0.8203389830508475,
    0.8213559322033899,
    0.8223728813559322,
    0.8233898305084746,
    0.8244067796610169,
    0.8254237288135593,
    0.8264406779661018,
    0.8274576271186441,
    0.8284745762711865,
    0.8294915254237288,
    0.8305084745762712,
    0.8315254237288136,
    0.8325423728813559,
    0.8335593220338983,
    0.8345762711864407,
    0.8355932203389831,
    0.8366101694915254,
    0.8376271186440678,
    0.8386440677966102,
    0.8396610169491525,
    0.8406779661016949,
    0.8416949152542372,
    0.8427118644067797,
    0.843728813559322,
    0.8447457627118644,
    0.8457627118644068,
    0.8467796610169491,
    0.8477966101694915,
    0.8488135593220338,
    0.8498305084745763,
    0.8508474576271187,
    0.851864406779661,
    0.8528813559322034,
    0.8538983050847457,
    0.8549152542372881,
    0.8559322033898304,
    0.8569491525423729,
    0.8579661016949153,
    0.8589830508474576,
    0.86
  ],
  "max_real": [
    -0.04,
    -0.04000000000000001,
    -0.04000000000000001,
    -0.04000000000000001,
    -0.03999999999999999,
    -0.04,
    -0.04,
    -0.04000000000000001,
    -0.04000000000000001,
    -0.04000000000000001,
    -0.039999999999999994,
    -0.04000000000000001,
    -0.039999999999999994,
    -0.04000000000000001,
    -0.04,
    -0.04,
    -0.039999999999999994,
    -0.039999999999999994,
    -0.039999999999999994,
    -0.039999999999999994,
    -0.039999999999999994,
    -0.04,
    -0.04000000000000001,
    -0.039999999999999994,
    -0.039999999999999994,
    -0.04,
    -0.04000000000000001,
    -0.039999999999999994,
    -0.039999999999999994,
    -0.039999999999999994,
    -0.04,
    -0.04,
    -0.01448828783426978,
    0.003257212585624572,
    0.01560148760356038,
    0.025664788180421463,
    0.034378783196759674,
    0.04217385455776869,
    0.049290992580058465,
    0.05588128252679468,
    0.062046848662924245,
    0.06786055027249176,
    0.07337652882380764,
    0.07863631935957228,
    0.08367261319401788,
    0.08851168910759881,
    0.09317504728866764,
    0.09768054402634317,
    0.10204320183113504,
    0.10627580172226549,
    0.11038932526127733,
    0.11439329044875372,
    0.11829601106358924,
    0.12210479974909728,
    0.1258261290772527,
    0.12946576075360006,
    0.13302885034250028,
    0.13652003295348186,
    0.13994349395560002,
    0.14330302779823367
  ],
  "equilibria_found": [
    true,
    true,
    true,
    true,
    true,
    true,
    true,
    true,
    true,
    true,
    true,
    true,
    true,
    true,
    true,
    true,
    true,
    true,
    true,
    true,
    true,
    true,
    true,
    true,
    true,
    true,
    true,
    true,
    true,
    true,
    true,
    true,
    true,
    true,
    true,
    true,
    true,
    true,
    true,
    true,
    true,
    true,
    true,
    true,
    true,
    true,
    true,
    true,
    true,
    true,
    true,
    true,
    true,
    true,
    true,
    true,
    true,
    true,
    true,
    true
  ]
}