{
  "H": 0.23606334911718235,
  "R2": 0.38377030361094117,
  "log_inv_eps": [
    4.605170185988092,
    4.399149414509677,
    4.193128643031262,
    3.9871078715528476,
    3.781087100074433,
    3.575066328596018,
    3.369045557117604,
    3.163024785639189,
    2.9570040141607743,
    2.7509832426823597,
    2.544962471203945,
    2.3389416997255306,
    2.132920928247116,
    1.9269001567687014,
    1.720879385290287,
    1.5148586138118723,
    1.3088378423334577,
    1.1028170708550427,
    0.8967962993766281,
    0.6907755278982137
  ],
  "log_counts": [
    3.2188758248682006,
    3.2188758248682006,
    3.2188758248682006,
    3.2188758248682006,
    3.2188758248682006,
    3.2188758248682006,
    3.2188758248682006,
    3.2188758248682006,
    3.2188758248682006,
    3.2188758248682006,
    3.2188758248682006,
    3.2188758248682006,
    3.2188758248682006,
    3.2188758248682006,
    3.2188758248682006,
    3.2188758248682006,
    2.772588722239781,
    2.772588722239781,
    2.1972245773362196,
    1.3862943611198906
  ],
  "fit": {
    "slope": 0.23606334911718235,
    "intercept": 2.40644613805995
  },
  "CI": [
    0.09787099601597637,
    0.37425570221838833
  ]
}